{
    "person": 0.5300822392151204,
    "bottle": 0.416289592760181,
    "car": 0.5029940119760479,
    "tie": 0.512720156555773,
    "umbrella": 0.5042016806722689,
    "dog": 0.4,
    "cat": 0.30357142857142855,
    "boat": 0.38095238095238093,
    "chair": 0.594306049822064,
    "couch": 0.3898305084745763,
    "dining table": 0.5084745762711864,
    "bird": 0.5691056910569106,
    "bed": 0.38461538461538464,
    "tv": 0.6666666666666666,
    "mouse": 0.5833333333333334,
    "keyboard": 0.8,
    "book": 0.3942307692307692,
    "horse": 0.4716981132075472,
    "vase": 0.35,
    "kite": 0.36764705882352944,
    "traffic light": 0.427536231884058,
    "backpack": 0.3950617283950617,
    "skateboard": 0.4,
    "bear": 0.34210526315789475,
    "stop sign": 0.6923076923076923,
    "frisbee": 0.36363636363636365,
    "cake": 0.425531914893617,
    "elephant": 0.6,
    "cell phone": 0.49044585987261147,
    "refrigerator": 0.2608695652173913,
    "wine glass": 0.30303030303030304,
    "cup": 0.410958904109589,
    "motorcycle": 0.6764705882352942,
    "donut": 0.38461538461538464,
    "cow": 0.4444444444444444,
    "remote": 0.6060606060606061,
    "sink": 0.6333333333333333,
    "banana": 0.4,
    "train": 0.15789473684210525,
    "bowl": 0.41975308641975306,
    "potted plant": 0.4772727272727273,
    "sheep": 0.20786516853932585,
    "sports ball": 0.5925925925925926,
    "spoon": 0.36,
    "clock": 0.5217391304347826,
    "fork": 0.375,
    "bus": 0.6666666666666666,
    "truck": 0.5,
    "suitcase": 0.10526315789473684,
    "handbag": 0.5333333333333333,
    "toothbrush": 0.4,
    "laptop": 0.5294117647058824,
    "teddy bear": 0.6808510638297872,
    "zebra": 0.7,
    "scissors": 0.3333333333333333,
    "oven": 0.6428571428571429,
    "sandwich": 0.25,
    "knife": 0.5172413793103449,
    "tennis racket": 0.8181818181818182,
    "bench": 0.5,
    "baseball bat": 0.6071428571428571,
    "hot dog": 0.03773584905660377,
    "baseball glove": 0.5,
    "bicycle": 0.44,
    "toilet": 0.5,
    "giraffe": 0.4,
    "surfboard": 0.5714285714285714,
    "pizza": 0.36363636363636365,
    "orange": 0.16666666666666666,
    "parking meter": 0.8888888888888888,
    "airplane": 0.8571428571428571,
    "broccoli": 0.3,
    "carrot": 0.14285714285714285
}